{"cameraMode":{"drawMode":0,"name":"Shaded","section":"Shading Mode"},"sceneLighting":false,"audioPlay":false,"sceneViewState":{"showFog":true,"showMaterialUpdate":false,"showSkybox":false,"showFlares":true,"showImageEffects":true,"showParticleSystems":true},"in2DMode":false,"pivot":{"x":0.9702248573303223,"y":8.191078186035157,"z":-2.378350257873535},"rotation":{"x":-0.021436920389533044,"y":-0.9551970362663269,"z":0.28640589118003847,"w":-0.07149442285299301},"size":39.59099578857422,"orthographic":false}