{"cameraMode":{"drawMode":0,"name":"Shaded","section":"Shading Mode"},"sceneLighting":true,"audioPlay":false,"sceneViewState":{"showFog":true,"showMaterialUpdate":false,"showSkybox":true,"showFlares":true,"showImageEffects":true,"showParticleSystems":true},"in2DMode":false,"pivot":{"x":-6.929600715637207,"y":8.079999923706055,"z":15.180000305175782},"rotation":{"x":0.01826527900993824,"y":0.9591339230537415,"z":-0.2750864028930664,"w":0.06368483603000641},"size":3.0561647415161135,"orthographic":false}