{"cameraMode":{"drawMode":0,"name":"Shaded","section":"Shading Mode"},"sceneLighting":false,"audioPlay":false,"sceneViewState":{"showFog":true,"showMaterialUpdate":false,"showSkybox":false,"showFlares":true,"showImageEffects":true,"showParticleSystems":true},"in2DMode":false,"pivot":{"x":-43.94051742553711,"y":1.0935578346252442,"z":-5.221702575683594},"rotation":{"x":-0.12172054499387741,"y":-0.8763555884361267,"z":0.29760655760765078,"w":-0.3590088188648224},"size":7.438755035400391,"orthographic":false}