{"cameraMode":{"drawMode":0,"name":"Shaded","section":"Shading Mode"},"sceneLighting":false,"audioPlay":false,"sceneViewState":{"showFog":true,"showMaterialUpdate":false,"showSkybox":false,"showFlares":true,"showImageEffects":true,"showParticleSystems":true},"in2DMode":false,"pivot":{"x":35.59716033935547,"y":0.7930862903594971,"z":15.950459480285645},"rotation":{"x":0.025942156091332437,"y":0.9697922468185425,"z":-0.21159988641738892,"w":0.11958084255456925},"size":2.670072078704834,"orthographic":false}