{"cameraMode":{"drawMode":0,"name":"Shaded","section":"Shading Mode"},"sceneLighting":false,"audioPlay":false,"sceneViewState":{"showFog":true,"showMaterialUpdate":false,"showSkybox":false,"showFlares":true,"showImageEffects":true,"showParticleSystems":true},"in2DMode":false,"pivot":{"x":0.0,"y":0.6270999908447266,"z":-2.384185791015625e-7},"rotation":{"x":0.38802239298820498,"y":-0.059962522238492969,"z":0.025115936994552614,"w":0.919511079788208},"size":12.885783195495606,"orthographic":false}