{"cameraMode":{"drawMode":0,"name":"Shaded","section":"Shading Mode"},"sceneLighting":false,"audioPlay":false,"sceneViewState":{"showFog":true,"showMaterialUpdate":false,"showSkybox":false,"showFlares":true,"showImageEffects":true,"showParticleSystems":true},"in2DMode":false,"pivot":{"x":0.11799371242523194,"y":4.7772216796875,"z":0.9581880569458008},"rotation":{"x":0.19375695288181306,"y":0.5358898043632507,"z":-0.12791365385055543,"w":0.8117383122444153},"size":18.211231231689454,"orthographic":false}