{"cameraMode":{"drawMode":0,"name":"Shaded","section":"Shading Mode"},"sceneLighting":false,"audioPlay":false,"sceneViewState":{"showFog":true,"showMaterialUpdate":false,"showSkybox":false,"showFlares":true,"showImageEffects":true,"showParticleSystems":true},"in2DMode":false,"pivot":{"x":0.0,"y":1.1404396295547486,"z":-0.000316619873046875},"rotation":{"x":-0.31819459795951846,"y":0.38892313838005068,"z":-0.1451987475156784,"w":-0.8523048162460327},"size":46.89269256591797,"orthographic":false}