{"cameraMode":{"drawMode":0,"name":"Shaded","section":"Shading Mode"},"sceneLighting":false,"audioPlay":false,"sceneViewState":{"showFog":true,"showMaterialUpdate":false,"showSkybox":false,"showFlares":true,"showImageEffects":true,"showParticleSystems":true},"in2DMode":false,"pivot":{"x":21.741744995117189,"y":0.809661865234375,"z":12.860807418823243},"rotation":{"x":0.025942156091332437,"y":0.9697922468185425,"z":-0.21159988641738892,"w":0.11958084255456925},"size":7.4056549072265629,"orthographic":false}