{"cameraMode":{"drawMode":0,"name":"Shaded","section":"Shading Mode"},"sceneLighting":false,"audioPlay":false,"sceneViewState":{"showFog":true,"showMaterialUpdate":false,"showSkybox":false,"showFlares":true,"showImageEffects":true,"showParticleSystems":true},"in2DMode":false,"pivot":{"x":-0.1488332748413086,"y":6.576956748962402,"z":0.17030131816864015},"rotation":{"x":0.18312065303325654,"y":0.698273241519928,"z":-0.192358136177063,"w":0.6647405028343201},"size":26.485313415527345,"orthographic":false}