{"cameraMode":{"drawMode":0,"name":"Shaded","section":"Shading Mode"},"sceneLighting":false,"audioPlay":false,"sceneViewState":{"showFog":true,"showMaterialUpdate":false,"showSkybox":false,"showFlares":true,"showImageEffects":true,"showParticleSystems":true},"in2DMode":false,"pivot":{"x":30.073516845703126,"y":0.8815746307373047,"z":1.3534889221191407},"rotation":{"x":0.1737317442893982,"y":0.7181339263916016,"z":-0.19316932559013368,"w":0.6456347703933716},"size":21.381298065185548,"orthographic":false}