{"cameraMode":{"drawMode":0,"name":"Shaded","section":"Shading Mode"},"sceneLighting":false,"audioPlay":false,"sceneViewState":{"showFog":true,"showMaterialUpdate":false,"showSkybox":false,"showFlares":true,"showImageEffects":true,"showParticleSystems":true},"in2DMode":false,"pivot":{"x":-0.11543166637420654,"y":0.36347606778144839,"z":-0.10834628343582154},"rotation":{"x":-0.005537371151149273,"y":0.9945464134216309,"z":-0.07203671336174011,"w":-0.07592929899692536},"size":5.38879919052124,"orthographic":false}