{"cameraMode":{"drawMode":0,"name":"Shaded","section":"Shading Mode"},"sceneLighting":false,"audioPlay":false,"sceneViewState":{"showFog":true,"showMaterialUpdate":false,"showSkybox":false,"showFlares":true,"showImageEffects":true,"showParticleSystems":true},"in2DMode":false,"pivot":{"x":0.06836457550525665,"y":-0.030754685401916505,"z":-0.02531290054321289},"rotation":{"x":0.3995571434497833,"y":-0.03631068766117096,"z":0.015657134354114534,"w":0.9160125851631165},"size":1.8591952323913575,"orthographic":false}