{"cameraMode":{"drawMode":0,"name":"Shaded","section":"Shading Mode"},"sceneLighting":false,"audioPlay":false,"sceneViewState":{"showFog":true,"showMaterialUpdate":false,"showSkybox":false,"showFlares":true,"showImageEffects":true,"showParticleSystems":true},"in2DMode":false,"pivot":{"x":0.8464903831481934,"y":0.5157038569450378,"z":-0.2593514323234558},"rotation":{"x":0.0011303093051537872,"y":0.9949703216552734,"z":0.011637398041784764,"w":-0.10003196448087692},"size":11.375222206115723,"orthographic":false}