{"cameraMode":{"drawMode":0,"name":"Shaded","section":"Shading Mode"},"sceneLighting":false,"audioPlay":false,"sceneViewState":{"showFog":true,"showMaterialUpdate":false,"showSkybox":false,"showFlares":true,"showImageEffects":true,"showParticleSystems":true},"in2DMode":false,"pivot":{"x":-0.04221081733703613,"y":0.8312679529190064,"z":0.06846281886100769},"rotation":{"x":-0.00919424183666706,"y":0.9802172780036926,"z":-0.19238892197608949,"w":-0.046790435910224918},"size":7.184831619262695,"orthographic":false}