{"cameraMode":{"drawMode":0,"name":"Shaded","section":"Shading Mode"},"sceneLighting":false,"audioPlay":false,"sceneViewState":{"showFog":true,"showMaterialUpdate":false,"showSkybox":false,"showFlares":true,"showImageEffects":true,"showParticleSystems":true},"in2DMode":false,"pivot":{"x":-23.68949317932129,"y":1.0106558799743653,"z":37.54351043701172},"rotation":{"x":-0.22386284172534944,"y":0.6921862363815308,"z":-0.24059493839740754,"w":-0.6427765488624573},"size":7.0931901931762699,"orthographic":false}