{"cameraMode":{"drawMode":0,"name":"Shaded","section":"Shading Mode"},"sceneLighting":false,"audioPlay":false,"sceneViewState":{"showFog":true,"showMaterialUpdate":false,"showSkybox":false,"showFlares":true,"showImageEffects":true,"showParticleSystems":true},"in2DMode":false,"pivot":{"x":28.18914031982422,"y":0.7341163754463196,"z":11.977981567382813},"rotation":{"x":0.1804613471031189,"y":-0.410216748714447,"z":0.08270394057035446,"w":0.8902842402458191},"size":5.546882152557373,"orthographic":false}