{"cameraMode":{"drawMode":0,"name":"Shaded","section":"Shading Mode"},"sceneLighting":false,"audioPlay":false,"sceneViewState":{"showFog":true,"showMaterialUpdate":false,"showSkybox":false,"showFlares":true,"showImageEffects":true,"showParticleSystems":true},"in2DMode":false,"pivot":{"x":-6.419290065765381,"y":2.091289520263672,"z":1.3472847938537598},"rotation":{"x":-0.22096678614616395,"y":0.18076500296592713,"z":-0.041717033833265308,"w":-0.9574751853942871},"size":4.943037986755371,"orthographic":false}