{"cameraMode":{"drawMode":0,"name":"Shaded","section":"Shading Mode"},"sceneLighting":false,"audioPlay":false,"sceneViewState":{"showFog":true,"showMaterialUpdate":false,"showSkybox":false,"showFlares":true,"showImageEffects":true,"showParticleSystems":true},"in2DMode":false,"pivot":{"x":-2.5119311809539797,"y":1.4771475791931153,"z":-3.577512264251709},"rotation":{"x":-0.08447059243917465,"y":-0.9152397513389587,"z":0.2909688353538513,"w":-0.26574039459228518},"size":2.386275053024292,"orthographic":false}