{"cameraMode":{"drawMode":0,"name":"Shaded","section":"Shading Mode"},"sceneLighting":false,"audioPlay":false,"sceneViewState":{"showFog":true,"showMaterialUpdate":false,"showSkybox":false,"showFlares":true,"showImageEffects":true,"showParticleSystems":true},"in2DMode":false,"pivot":{"x":-22.33394432067871,"y":0.9242474436759949,"z":46.44621276855469},"rotation":{"x":0.285402774810791,"y":-0.34294477105140688,"z":0.10998812317848206,"w":0.88829106092453},"size":5.496949672698975,"orthographic":false}