{"cameraMode":{"drawMode":0,"name":"Shaded","section":"Shading Mode"},"sceneLighting":false,"audioPlay":false,"sceneViewState":{"showFog":true,"showMaterialUpdate":false,"showSkybox":false,"showFlares":true,"showImageEffects":true,"showParticleSystems":true},"in2DMode":false,"pivot":{"x":2.7964911460876467,"y":4.94127893447876,"z":8.723573684692383},"rotation":{"x":-0.1545715481042862,"y":0.11736761778593064,"z":-0.018496321514248849,"w":-0.9808135032653809},"size":10.507426261901856,"orthographic":false}