{"cameraMode":{"drawMode":0,"name":"Shaded","section":"Shading Mode"},"sceneLighting":false,"audioPlay":false,"sceneViewState":{"showFog":true,"showMaterialUpdate":false,"showSkybox":false,"showFlares":true,"showImageEffects":true,"showParticleSystems":true},"in2DMode":false,"pivot":{"x":0.3054617941379547,"y":0.7859516739845276,"z":0.02476733922958374},"rotation":{"x":-0.020359063521027566,"y":0.9486497044563294,"z":-0.3094421923160553,"w":-0.06241514906287193},"size":4.906276226043701,"orthographic":false}