{"cameraMode":{"drawMode":0,"name":"Shaded","section":"Shading Mode"},"sceneLighting":false,"audioPlay":false,"sceneViewState":{"showFog":true,"showMaterialUpdate":false,"showSkybox":false,"showFlares":true,"showImageEffects":true,"showParticleSystems":true},"in2DMode":false,"pivot":{"x":0.39994725584983828,"y":0.8010169267654419,"z":4.790979385375977},"rotation":{"x":-0.3866764307022095,"y":0.27414509654045107,"z":-0.12155883759260178,"w":-0.8721806406974793},"size":5.5660223960876469,"orthographic":false}