{"cameraMode":{"drawMode":0,"name":"Shaded","section":"Shading Mode"},"sceneLighting":false,"audioPlay":false,"sceneViewState":{"showFog":true,"showMaterialUpdate":false,"showSkybox":false,"showFlares":true,"showImageEffects":true,"showParticleSystems":true},"in2DMode":false,"pivot":{"x":0.0,"y":1.7649497985839844,"z":0.9899492263793945},"rotation":{"x":-0.05869891867041588,"y":0.9379507899284363,"z":-0.1972803920507431,"w":-0.2790782153606415},"size":24.565725326538087,"orthographic":false}