{"cameraMode":{"drawMode":0,"name":"Shaded","section":"Shading Mode"},"sceneLighting":false,"audioPlay":false,"sceneViewState":{"showFog":true,"showMaterialUpdate":false,"showSkybox":false,"showFlares":true,"showImageEffects":true,"showParticleSystems":true},"in2DMode":false,"pivot":{"x":0.5860000252723694,"y":1.1299999952316285,"z":1.809999942779541},"rotation":{"x":-0.48054999113082888,"y":0.012937843799591065,"z":-0.007049364037811756,"w":-0.8769044280052185},"size":0.2857882082462311,"orthographic":false}