{"cameraMode":{"drawMode":0,"name":"Shaded","section":"Shading Mode"},"sceneLighting":false,"audioPlay":false,"sceneViewState":{"showFog":true,"showMaterialUpdate":false,"showSkybox":false,"showFlares":true,"showImageEffects":true,"showParticleSystems":true},"in2DMode":false,"pivot":{"x":-0.01441347599029541,"y":-0.01299998164176941,"z":0.0},"rotation":{"x":0.08238720893859863,"y":0.9111964106559753,"z":-0.22331088781356812,"w":0.3365110754966736},"size":5.196183204650879,"orthographic":false}